add_restaurant,2026-06-03T19:58:14.788315
add_restaurant,2026-06-03T19:58:14.799799
add_client,2026-06-03T19:58:14.800630
add_client,2026-06-03T19:58:14.801341
add_driver,2026-06-03T19:58:14.802011
add_driver,2026-06-03T19:58:14.802651
add_menu_item_to_restaurant,2026-06-03T19:58:14.803419
find_restaurant_by_id,2026-06-03T19:58:14.803522
add_menu_item_to_restaurant,2026-06-03T19:58:14.804244
find_restaurant_by_id,2026-06-03T19:58:14.804336
add_menu_item_to_restaurant,2026-06-03T19:58:14.804952
find_restaurant_by_id,2026-06-03T19:58:14.805040
add_menu_item_to_restaurant,2026-06-03T19:58:14.805726
find_restaurant_by_id,2026-06-03T19:58:14.805812
get_all_restaurants,2026-06-03T19:58:14.806553
search_menu_items_by_name,2026-06-03T19:58:14.809363
place_order,2026-06-03T19:58:14.812230
assign_driver,2026-06-03T19:58:14.818483
find_order_by_id,2026-06-03T19:58:14.818647
find_order_by_id,2026-06-03T19:58:14.820102
place_order,2026-06-03T19:58:14.820316
get_orders_by_client,2026-06-03T19:58:14.821206
get_active_orders_sorted_by_total,2026-06-03T19:58:14.822979
get_sorted_menu_items,2026-06-03T19:58:14.826421
place_order,2026-06-03T19:58:14.826861
find_restaurant_by_id,2026-06-03T19:58:14.827165
update_order_status,2026-06-03T19:58:14.827796
find_order_by_id,2026-06-03T19:58:14.827898
find_order_by_id,2026-06-03T19:58:14.829102
join_orders_clients_restaurants,2026-06-03T19:58:14.829272
join_order_items_details,2026-06-03T19:58:14.833786
join_active_orders_with_driver,2026-06-03T19:58:14.835754
